<annotation>
	<folder>VOC2007</folder>
	<filename>000096.jpg</filename>
	<source>
		<database>The VOC2007 Database</database>
		<annotation>PASCAL VOC2007</annotation>
		<image>flickr</image>
		<flickrid>328569726</flickrid>
	</source>
	<owner>
		<flickrid>Greencolander</flickrid>
		<name>Michelle Tribe</name>
	</owner>
	<size>
		<width>330</width>
		<height>500</height>
		<depth>3</depth>
	</size>
	<segmented>0</segmented>
	<object>
		<name>person</name>
		<pose>Frontal</pose>
		<truncated>1</truncated>
		<difficult>0</difficult>
		<bndbox>
			<xmin>2</xmin>
			<ymin>144</ymin>
			<xmax>176</xmax>
			<ymax>500</ymax>
		</bndbox>
	</object>
	<object>
		<name>person</name>
		<pose>Frontal</pose>
		<truncated>1</truncated>
		<difficult>0</difficult>
		<bndbox>
			<xmin>140</xmin>
			<ymin>109</ymin>
			<xmax>330</xmax>
			<ymax>500</ymax>
		</bndbox>
	</object>
</annotation>
