<annotation>
	<folder>VOC2007</folder>
	<filename>000274.jpg</filename>
	<source>
		<database>The VOC2007 Database</database>
		<annotation>PASCAL VOC2007</annotation>
		<image>flickr</image>
		<flickrid>339841601</flickrid>
	</source>
	<owner>
		<flickrid>Michael Topp</flickrid>
		<name>Michael Topp</name>
	</owner>
	<size>
		<width>500</width>
		<height>375</height>
		<depth>3</depth>
	</size>
	<segmented>0</segmented>
	<object>
		<name>bird</name>
		<pose>Right</pose>
		<truncated>0</truncated>
		<difficult>0</difficult>
		<bndbox>
			<xmin>49</xmin>
			<ymin>100</ymin>
			<xmax>407</xmax>
			<ymax>303</ymax>
		</bndbox>
	</object>
</annotation>
