<annotation>
	<folder>VOC2007</folder>
	<filename>000261.jpg</filename>
	<source>
		<database>The VOC2007 Database</database>
		<annotation>PASCAL VOC2007</annotation>
		<image>flickr</image>
		<flickrid>336032008</flickrid>
	</source>
	<owner>
		<flickrid>MIKEBECKHAM DOT NET</flickrid>
		<name>Mike Beckham</name>
	</owner>
	<size>
		<width>500</width>
		<height>375</height>
		<depth>3</depth>
	</size>
	<segmented>0</segmented>
	<object>
		<name>bicycle</name>
		<pose>Left</pose>
		<truncated>0</truncated>
		<difficult>0</difficult>
		<bndbox>
			<xmin>1</xmin>
			<ymin>76</ymin>
			<xmax>405</xmax>
			<ymax>326</ymax>
		</bndbox>
	</object>
	<object>
		<name>bicycle</name>
		<pose>Right</pose>
		<truncated>0</truncated>
		<difficult>0</difficult>
		<bndbox>
			<xmin>58</xmin>
			<ymin>79</ymin>
			<xmax>408</xmax>
			<ymax>295</ymax>
		</bndbox>
	</object>
</annotation>
