<annotation>
	<folder>VOC2007</folder>
	<filename>000252.jpg</filename>
	<source>
		<database>The VOC2007 Database</database>
		<annotation>PASCAL VOC2007</annotation>
		<image>flickr</image>
		<flickrid>335488679</flickrid>
	</source>
	<owner>
		<flickrid>CarolineDS</flickrid>
		<name>?</name>
	</owner>
	<size>
		<width>500</width>
		<height>333</height>
		<depth>3</depth>
	</size>
	<segmented>0</segmented>
	<object>
		<name>car</name>
		<pose>Frontal</pose>
		<truncated>0</truncated>
		<difficult>0</difficult>
		<bndbox>
			<xmin>194</xmin>
			<ymin>168</ymin>
			<xmax>297</xmax>
			<ymax>241</ymax>
		</bndbox>
	</object>
	<object>
		<name>bus</name>
		<pose>Frontal</pose>
		<truncated>0</truncated>
		<difficult>0</difficult>
		<bndbox>
			<xmin>147</xmin>
			<ymin>54</ymin>
			<xmax>283</xmax>
			<ymax>224</ymax>
		</bndbox>
	</object>
	<object>
		<name>person</name>
		<pose>Frontal</pose>
		<truncated>1</truncated>
		<difficult>0</difficult>
		<bndbox>
			<xmin>239</xmin>
			<ymin>112</ymin>
			<xmax>266</xmax>
			<ymax>135</ymax>
		</bndbox>
	</object>
</annotation>
