<annotation>
	<folder>VOC2007</folder>
	<filename>000376.jpg</filename>
	<source>
		<database>The VOC2007 Database</database>
		<annotation>PASCAL VOC2007</annotation>
		<image>flickr</image>
		<flickrid>325791686</flickrid>
	</source>
	<owner>
		<flickrid>noritama64</flickrid>
		<name>?</name>
	</owner>
	<size>
		<width>500</width>
		<height>333</height>
		<depth>3</depth>
	</size>
	<segmented>0</segmented>
	<object>
		<name>sheep</name>
		<pose>Right</pose>
		<truncated>0</truncated>
		<difficult>0</difficult>
		<bndbox>
			<xmin>229</xmin>
			<ymin>150</ymin>
			<xmax>265</xmax>
			<ymax>175</ymax>
		</bndbox>
	</object>
</annotation>
