<annotation>
	<folder>VOC2007</folder>
	<filename>000342.jpg</filename>
	<source>
		<database>The VOC2007 Database</database>
		<annotation>PASCAL VOC2007</annotation>
		<image>flickr</image>
		<flickrid>330072521</flickrid>
	</source>
	<owner>
		<flickrid>carolink</flickrid>
		<name>Carolina Le?n</name>
	</owner>
	<size>
		<width>500</width>
		<height>375</height>
		<depth>3</depth>
	</size>
	<segmented>0</segmented>
	<object>
		<name>tvmonitor</name>
		<pose>Unspecified</pose>
		<truncated>0</truncated>
		<difficult>1</difficult>
		<bndbox>
			<xmin>2</xmin>
			<ymin>97</ymin>
			<xmax>427</xmax>
			<ymax>341</ymax>
		</bndbox>
	</object>
	<object>
		<name>person</name>
		<pose>Frontal</pose>
		<truncated>1</truncated>
		<difficult>0</difficult>
		<bndbox>
			<xmin>95</xmin>
			<ymin>136</ymin>
			<xmax>328</xmax>
			<ymax>319</ymax>
		</bndbox>
	</object>
</annotation>
