<annotation>
	<folder>VOC2007</folder>
	<filename>000371.jpg</filename>
	<source>
		<database>The VOC2007 Database</database>
		<annotation>PASCAL VOC2007</annotation>
		<image>flickr</image>
		<flickrid>340805147</flickrid>
	</source>
	<owner>
		<flickrid>distantpeak</flickrid>
		<name>?</name>
	</owner>
	<size>
		<width>500</width>
		<height>333</height>
		<depth>3</depth>
	</size>
	<segmented>0</segmented>
	<object>
		<name>boat</name>
		<pose>Rear</pose>
		<truncated>1</truncated>
		<difficult>0</difficult>
		<bndbox>
			<xmin>248</xmin>
			<ymin>179</ymin>
			<xmax>406</xmax>
			<ymax>248</ymax>
		</bndbox>
	</object>
</annotation>
