<annotation>
	<folder>VOC2007</folder>
	<filename>000365.jpg</filename>
	<source>
		<database>The VOC2007 Database</database>
		<annotation>PASCAL VOC2007</annotation>
		<image>flickr</image>
		<flickrid>330587227</flickrid>
	</source>
	<owner>
		<flickrid>lynne bernay-roman</flickrid>
		<name>lynne bernay-roman</name>
	</owner>
	<size>
		<width>366</width>
		<height>500</height>
		<depth>3</depth>
	</size>
	<segmented>0</segmented>
	<object>
		<name>cat</name>
		<pose>Frontal</pose>
		<truncated>1</truncated>
		<difficult>0</difficult>
		<bndbox>
			<xmin>112</xmin>
			<ymin>136</ymin>
			<xmax>344</xmax>
			<ymax>378</ymax>
		</bndbox>
	</object>
</annotation>
