<annotation>
	<folder>VOC2007</folder>
	<filename>000300.jpg</filename>
	<source>
		<database>The VOC2007 Database</database>
		<annotation>PASCAL VOC2007</annotation>
		<image>flickr</image>
		<flickrid>296077176</flickrid>
	</source>
	<owner>
		<flickrid>Albert Fattal</flickrid>
		<name>Albert Fattal</name>
	</owner>
	<size>
		<width>375</width>
		<height>500</height>
		<depth>3</depth>
	</size>
	<segmented>0</segmented>
	<object>
		<name>car</name>
		<pose>Frontal</pose>
		<truncated>0</truncated>
		<difficult>0</difficult>
		<bndbox>
			<xmin>37</xmin>
			<ymin>192</ymin>
			<xmax>337</xmax>
			<ymax>447</ymax>
		</bndbox>
	</object>
</annotation>
