<annotation>
	<folder>VOC2007</folder>
	<filename>000388.jpg</filename>
	<source>
		<database>The VOC2007 Database</database>
		<annotation>PASCAL VOC2007</annotation>
		<image>flickr</image>
		<flickrid>329467943</flickrid>
	</source>
	<owner>
		<flickrid>samlovesherdog</flickrid>
		<name>Samantha Hahn</name>
	</owner>
	<size>
		<width>332</width>
		<height>500</height>
		<depth>3</depth>
	</size>
	<segmented>0</segmented>
	<object>
		<name>person</name>
		<pose>Frontal</pose>
		<truncated>1</truncated>
		<difficult>0</difficult>
		<bndbox>
			<xmin>2</xmin>
			<ymin>125</ymin>
			<xmax>175</xmax>
			<ymax>497</ymax>
		</bndbox>
	</object>
	<object>
		<name>person</name>
		<pose>Frontal</pose>
		<truncated>1</truncated>
		<difficult>0</difficult>
		<bndbox>
			<xmin>138</xmin>
			<ymin>6</ymin>
			<xmax>329</xmax>
			<ymax>500</ymax>
		</bndbox>
	</object>
</annotation>
