<annotation>
	<folder>VOC2007</folder>
	<filename>000398.jpg</filename>
	<source>
		<database>The VOC2007 Database</database>
		<annotation>PASCAL VOC2007</annotation>
		<image>flickr</image>
		<flickrid>322937146</flickrid>
	</source>
	<owner>
		<flickrid>The Ancient Brit.</flickrid>
		<name>Denis Egan</name>
	</owner>
	<size>
		<width>500</width>
		<height>442</height>
		<depth>3</depth>
	</size>
	<segmented>0</segmented>
	<object>
		<name>train</name>
		<pose>Frontal</pose>
		<truncated>0</truncated>
		<difficult>0</difficult>
		<bndbox>
			<xmin>78</xmin>
			<ymin>1</ymin>
			<xmax>396</xmax>
			<ymax>417</ymax>
		</bndbox>
	</object>
</annotation>
