<annotation>
	<folder>VOC2007</folder>
	<filename>000401.jpg</filename>
	<source>
		<database>The VOC2007 Database</database>
		<annotation>PASCAL VOC2007</annotation>
		<image>flickr</image>
		<flickrid>342156192</flickrid>
	</source>
	<owner>
		<flickrid>casear</flickrid>
		<name>Casear Chu</name>
	</owner>
	<size>
		<width>500</width>
		<height>375</height>
		<depth>3</depth>
	</size>
	<segmented>0</segmented>
	<object>
		<name>cat</name>
		<pose>Unspecified</pose>
		<truncated>0</truncated>
		<difficult>0</difficult>
		<bndbox>
			<xmin>215</xmin>
			<ymin>156</ymin>
			<xmax>485</xmax>
			<ymax>375</ymax>
		</bndbox>
	</object>
	<object>
		<name>cat</name>
		<pose>Right</pose>
		<truncated>1</truncated>
		<difficult>0</difficult>
		<bndbox>
			<xmin>1</xmin>
			<ymin>113</ymin>
			<xmax>202</xmax>
			<ymax>259</ymax>
		</bndbox>
	</object>
</annotation>
