<annotation>
	<folder>VOC2007</folder>
	<filename>000473.jpg</filename>
	<source>
		<database>The VOC2007 Database</database>
		<annotation>PASCAL VOC2007</annotation>
		<image>flickr</image>
		<flickrid>255056060</flickrid>
	</source>
	<owner>
		<flickrid>JARED PRICE</flickrid>
		<name>?</name>
	</owner>
	<size>
		<width>500</width>
		<height>375</height>
		<depth>3</depth>
	</size>
	<segmented>0</segmented>
	<object>
		<name>aeroplane</name>
		<pose>Right</pose>
		<truncated>0</truncated>
		<difficult>0</difficult>
		<bndbox>
			<xmin>415</xmin>
			<ymin>120</ymin>
			<xmax>460</xmax>
			<ymax>153</ymax>
		</bndbox>
	</object>
</annotation>
