<annotation>
	<folder>VOC2007</folder>
	<filename>000405.jpg</filename>
	<source>
		<database>The VOC2007 Database</database>
		<annotation>PASCAL VOC2007</annotation>
		<image>flickr</image>
		<flickrid>321700009</flickrid>
	</source>
	<owner>
		<flickrid>kassyjo86</flickrid>
		<name>Kassandra</name>
	</owner>
	<size>
		<width>338</width>
		<height>500</height>
		<depth>3</depth>
	</size>
	<segmented>0</segmented>
	<object>
		<name>person</name>
		<pose>Frontal</pose>
		<truncated>0</truncated>
		<difficult>0</difficult>
		<bndbox>
			<xmin>16</xmin>
			<ymin>39</ymin>
			<xmax>312</xmax>
			<ymax>479</ymax>
		</bndbox>
	</object>
</annotation>
