<annotation>
	<folder>VOC2007</folder>
	<filename>000574.jpg</filename>
	<source>
		<database>The VOC2007 Database</database>
		<annotation>PASCAL VOC2007</annotation>
		<image>flickr</image>
		<flickrid>322482367</flickrid>
	</source>
	<owner>
		<flickrid>Tommok</flickrid>
		<name>Tom</name>
	</owner>
	<size>
		<width>500</width>
		<height>386</height>
		<depth>3</depth>
	</size>
	<segmented>0</segmented>
	<object>
		<name>sheep</name>
		<pose>Left</pose>
		<truncated>0</truncated>
		<difficult>0</difficult>
		<bndbox>
			<xmin>160</xmin>
			<ymin>208</ymin>
			<xmax>354</xmax>
			<ymax>355</ymax>
		</bndbox>
	</object>
	<object>
		<name>sheep</name>
		<pose>Right</pose>
		<truncated>0</truncated>
		<difficult>0</difficult>
		<bndbox>
			<xmin>243</xmin>
			<ymin>291</ymin>
			<xmax>313</xmax>
			<ymax>341</ymax>
		</bndbox>
	</object>
</annotation>
