<annotation>
	<folder>VOC2007</folder>
	<filename>000539.jpg</filename>
	<source>
		<database>The VOC2007 Database</database>
		<annotation>PASCAL VOC2007</annotation>
		<image>flickr</image>
		<flickrid>341326665</flickrid>
	</source>
	<owner>
		<flickrid>statisticalsignificance</flickrid>
		<name>Laura Wong</name>
	</owner>
	<size>
		<width>500</width>
		<height>375</height>
		<depth>3</depth>
	</size>
	<segmented>0</segmented>
	<object>
		<name>dog</name>
		<pose>Unspecified</pose>
		<truncated>1</truncated>
		<difficult>1</difficult>
		<bndbox>
			<xmin>148</xmin>
			<ymin>254</ymin>
			<xmax>500</xmax>
			<ymax>375</ymax>
		</bndbox>
	</object>
	<object>
		<name>person</name>
		<pose>Unspecified</pose>
		<truncated>1</truncated>
		<difficult>0</difficult>
		<bndbox>
			<xmin>24</xmin>
			<ymin>103</ymin>
			<xmax>347</xmax>
			<ymax>375</ymax>
		</bndbox>
	</object>
</annotation>
