<annotation>
	<folder>VOC2007</folder>
	<filename>000548.jpg</filename>
	<source>
		<database>The VOC2007 Database</database>
		<annotation>PASCAL VOC2007</annotation>
		<image>flickr</image>
		<flickrid>312959095</flickrid>
	</source>
	<owner>
		<flickrid>arunjai</flickrid>
		<name>arun jai</name>
	</owner>
	<size>
		<width>500</width>
		<height>375</height>
		<depth>3</depth>
	</size>
	<segmented>0</segmented>
	<object>
		<name>car</name>
		<pose>Right</pose>
		<truncated>0</truncated>
		<difficult>0</difficult>
		<bndbox>
			<xmin>16</xmin>
			<ymin>177</ymin>
			<xmax>454</xmax>
			<ymax>319</ymax>
		</bndbox>
	</object>
</annotation>
