<annotation>
	<folder>VOC2007</folder>
	<filename>000551.jpg</filename>
	<source>
		<database>The VOC2007 Database</database>
		<annotation>PASCAL VOC2007</annotation>
		<image>flickr</image>
		<flickrid>329157549</flickrid>
	</source>
	<owner>
		<flickrid>dnoway</flickrid>
		<name>Djavan Fagundes</name>
	</owner>
	<size>
		<width>500</width>
		<height>378</height>
		<depth>3</depth>
	</size>
	<segmented>0</segmented>
	<object>
		<name>dog</name>
		<pose>Unspecified</pose>
		<truncated>0</truncated>
		<difficult>0</difficult>
		<bndbox>
			<xmin>288</xmin>
			<ymin>143</ymin>
			<xmax>497</xmax>
			<ymax>330</ymax>
		</bndbox>
	</object>
	<object>
		<name>dog</name>
		<pose>Unspecified</pose>
		<truncated>0</truncated>
		<difficult>0</difficult>
		<bndbox>
			<xmin>2</xmin>
			<ymin>184</ymin>
			<xmax>312</xmax>
			<ymax>378</ymax>
		</bndbox>
	</object>
	<object>
		<name>dog</name>
		<pose>Unspecified</pose>
		<truncated>0</truncated>
		<difficult>0</difficult>
		<bndbox>
			<xmin>74</xmin>
			<ymin>12</ymin>
			<xmax>294</xmax>
			<ymax>209</ymax>
		</bndbox>
	</object>
</annotation>
