<annotation>
	<folder>VOC2007</folder>
	<filename>000572.jpg</filename>
	<source>
		<database>The VOC2007 Database</database>
		<annotation>PASCAL VOC2007</annotation>
		<image>flickr</image>
		<flickrid>327105505</flickrid>
	</source>
	<owner>
		<flickrid>AndrewJ.D.</flickrid>
		<name>Andrew</name>
	</owner>
	<size>
		<width>500</width>
		<height>331</height>
		<depth>3</depth>
	</size>
	<segmented>1</segmented>
	<object>
		<name>bicycle</name>
		<pose>Left</pose>
		<truncated>1</truncated>
		<difficult>0</difficult>
		<bndbox>
			<xmin>1</xmin>
			<ymin>178</ymin>
			<xmax>235</xmax>
			<ymax>331</ymax>
		</bndbox>
	</object>
	<object>
		<name>bicycle</name>
		<pose>Left</pose>
		<truncated>0</truncated>
		<difficult>0</difficult>
		<bndbox>
			<xmin>8</xmin>
			<ymin>134</ymin>
			<xmax>226</xmax>
			<ymax>297</ymax>
		</bndbox>
	</object>
</annotation>
