<annotation>
	<folder>VOC2007</folder>
	<filename>000638.jpg</filename>
	<source>
		<database>The VOC2007 Database</database>
		<annotation>PASCAL VOC2007</annotation>
		<image>flickr</image>
		<flickrid>331520559</flickrid>
	</source>
	<owner>
		<flickrid>uridev</flickrid>
		<name>Uriel Dana</name>
	</owner>
	<size>
		<width>375</width>
		<height>500</height>
		<depth>3</depth>
	</size>
	<segmented>0</segmented>
	<object>
		<name>person</name>
		<pose>Unspecified</pose>
		<truncated>1</truncated>
		<difficult>1</difficult>
		<bndbox>
			<xmin>52</xmin>
			<ymin>303</ymin>
			<xmax>324</xmax>
			<ymax>500</ymax>
		</bndbox>
	</object>
	<object>
		<name>cat</name>
		<pose>Unspecified</pose>
		<truncated>0</truncated>
		<difficult>0</difficult>
		<bndbox>
			<xmin>1</xmin>
			<ymin>24</ymin>
			<xmax>355</xmax>
			<ymax>323</ymax>
		</bndbox>
	</object>
</annotation>
