<annotation>
	<folder>VOC2007</folder>
	<filename>000600.jpg</filename>
	<source>
		<database>The VOC2007 Database</database>
		<annotation>PASCAL VOC2007</annotation>
		<image>flickr</image>
		<flickrid>317940296</flickrid>
	</source>
	<owner>
		<flickrid>1955</flickrid>
		<name>Maciek</name>
	</owner>
	<size>
		<width>500</width>
		<height>333</height>
		<depth>3</depth>
	</size>
	<segmented>0</segmented>
	<object>
		<name>aeroplane</name>
		<pose>Frontal</pose>
		<truncated>1</truncated>
		<difficult>0</difficult>
		<bndbox>
			<xmin>1</xmin>
			<ymin>11</ymin>
			<xmax>450</xmax>
			<ymax>322</ymax>
		</bndbox>
	</object>
</annotation>
