<annotation>
	<folder>VOC2007</folder>
	<filename>000618.jpg</filename>
	<source>
		<database>The VOC2007 Database</database>
		<annotation>PASCAL VOC2007</annotation>
		<image>flickr</image>
		<flickrid>336882205</flickrid>
	</source>
	<owner>
		<flickrid>Michael  Fabian</flickrid>
		<name>Michael Fabian</name>
	</owner>
	<size>
		<width>500</width>
		<height>299</height>
		<depth>3</depth>
	</size>
	<segmented>0</segmented>
	<object>
		<name>aeroplane</name>
		<pose>Unspecified</pose>
		<truncated>1</truncated>
		<difficult>0</difficult>
		<bndbox>
			<xmin>1</xmin>
			<ymin>35</ymin>
			<xmax>150</xmax>
			<ymax>212</ymax>
		</bndbox>
	</object>
	<object>
		<name>aeroplane</name>
		<pose>Unspecified</pose>
		<truncated>0</truncated>
		<difficult>0</difficult>
		<bndbox>
			<xmin>124</xmin>
			<ymin>35</ymin>
			<xmax>489</xmax>
			<ymax>291</ymax>
		</bndbox>
	</object>
</annotation>
