<annotation>
	<folder>VOC2007</folder>
	<filename>000674.jpg</filename>
	<source>
		<database>The VOC2007 Database</database>
		<annotation>PASCAL VOC2007</annotation>
		<image>flickr</image>
		<flickrid>331727708</flickrid>
	</source>
	<owner>
		<flickrid>netnikhil</flickrid>
		<name>Nikhil Jathar</name>
	</owner>
	<size>
		<width>500</width>
		<height>375</height>
		<depth>3</depth>
	</size>
	<segmented>0</segmented>
	<object>
		<name>train</name>
		<pose>Unspecified</pose>
		<truncated>0</truncated>
		<difficult>0</difficult>
		<bndbox>
			<xmin>1</xmin>
			<ymin>2</ymin>
			<xmax>248</xmax>
			<ymax>375</ymax>
		</bndbox>
	</object>
</annotation>
