<annotation>
	<folder>VOC2007</folder>
	<filename>000604.jpg</filename>
	<source>
		<database>The VOC2007 Database</database>
		<annotation>PASCAL VOC2007</annotation>
		<image>flickr</image>
		<flickrid>301082765</flickrid>
	</source>
	<owner>
		<flickrid>open_cs</flickrid>
		<name>?</name>
	</owner>
	<size>
		<width>339</width>
		<height>500</height>
		<depth>3</depth>
	</size>
	<segmented>0</segmented>
	<object>
		<name>horse</name>
		<pose>Unspecified</pose>
		<truncated>0</truncated>
		<difficult>0</difficult>
		<bndbox>
			<xmin>25</xmin>
			<ymin>228</ymin>
			<xmax>276</xmax>
			<ymax>449</ymax>
		</bndbox>
	</object>
	<object>
		<name>person</name>
		<pose>Unspecified</pose>
		<truncated>1</truncated>
		<difficult>0</difficult>
		<bndbox>
			<xmin>107</xmin>
			<ymin>164</ymin>
			<xmax>218</xmax>
			<ymax>386</ymax>
		</bndbox>
	</object>
</annotation>
