<annotation>
	<folder>VOC2007</folder>
	<filename>000603.jpg</filename>
	<source>
		<database>The VOC2007 Database</database>
		<annotation>PASCAL VOC2007</annotation>
		<image>flickr</image>
		<flickrid>322405399</flickrid>
	</source>
	<owner>
		<flickrid>Ian Dorion</flickrid>
		<name>?</name>
	</owner>
	<size>
		<width>500</width>
		<height>375</height>
		<depth>3</depth>
	</size>
	<segmented>0</segmented>
	<object>
		<name>sofa</name>
		<pose>Frontal</pose>
		<truncated>0</truncated>
		<difficult>0</difficult>
		<bndbox>
			<xmin>47</xmin>
			<ymin>151</ymin>
			<xmax>417</xmax>
			<ymax>341</ymax>
		</bndbox>
	</object>
</annotation>
