<annotation>
	<folder>VOC2007</folder>
	<filename>000662.jpg</filename>
	<source>
		<database>The VOC2007 Database</database>
		<annotation>PASCAL VOC2007</annotation>
		<image>flickr</image>
		<flickrid>334820674</flickrid>
	</source>
	<owner>
		<flickrid>lokier</flickrid>
		<name>Hector Jimenez</name>
	</owner>
	<size>
		<width>500</width>
		<height>246</height>
		<depth>3</depth>
	</size>
	<segmented>0</segmented>
	<object>
		<name>sofa</name>
		<pose>Frontal</pose>
		<truncated>0</truncated>
		<difficult>0</difficult>
		<bndbox>
			<xmin>46</xmin>
			<ymin>23</ymin>
			<xmax>478</xmax>
			<ymax>242</ymax>
		</bndbox>
	</object>
	<object>
		<name>person</name>
		<pose>Unspecified</pose>
		<truncated>0</truncated>
		<difficult>0</difficult>
		<bndbox>
			<xmin>4</xmin>
			<ymin>69</ymin>
			<xmax>432</xmax>
			<ymax>197</ymax>
		</bndbox>
	</object>
	<object>
		<name>cat</name>
		<pose>Unspecified</pose>
		<truncated>0</truncated>
		<difficult>1</difficult>
		<bndbox>
			<xmin>230</xmin>
			<ymin>3</ymin>
			<xmax>338</xmax>
			<ymax>62</ymax>
		</bndbox>
	</object>
</annotation>
