<annotation>
	<folder>VOC2007</folder>
	<filename>000732.jpg</filename>
	<source>
		<database>The VOC2007 Database</database>
		<annotation>PASCAL VOC2007</annotation>
		<image>flickr</image>
		<flickrid>249691231</flickrid>
	</source>
	<owner>
		<flickrid>Skink74</flickrid>
		<name>Martin</name>
	</owner>
	<size>
		<width>334</width>
		<height>500</height>
		<depth>3</depth>
	</size>
	<segmented>0</segmented>
	<object>
		<name>train</name>
		<pose>Unspecified</pose>
		<truncated>1</truncated>
		<difficult>1</difficult>
		<bndbox>
			<xmin>1</xmin>
			<ymin>270</ymin>
			<xmax>78</xmax>
			<ymax>389</ymax>
		</bndbox>
	</object>
	<object>
		<name>train</name>
		<pose>Frontal</pose>
		<truncated>1</truncated>
		<difficult>0</difficult>
		<bndbox>
			<xmin>52</xmin>
			<ymin>232</ymin>
			<xmax>334</xmax>
			<ymax>450</ymax>
		</bndbox>
	</object>
</annotation>
