<annotation>
	<folder>VOC2007</folder>
	<filename>000716.jpg</filename>
	<source>
		<database>The VOC2007 Database</database>
		<annotation>PASCAL VOC2007</annotation>
		<image>flickr</image>
		<flickrid>320809594</flickrid>
	</source>
	<owner>
		<flickrid>gablesable</flickrid>
		<name>?</name>
	</owner>
	<size>
		<width>445</width>
		<height>500</height>
		<depth>3</depth>
	</size>
	<segmented>0</segmented>
	<object>
		<name>dog</name>
		<pose>Frontal</pose>
		<truncated>0</truncated>
		<difficult>0</difficult>
		<bndbox>
			<xmin>96</xmin>
			<ymin>56</ymin>
			<xmax>315</xmax>
			<ymax>445</ymax>
		</bndbox>
	</object>
</annotation>
