<annotation>
	<folder>VOC2007</folder>
	<filename>000704.jpg</filename>
	<source>
		<database>The VOC2007 Database</database>
		<annotation>PASCAL VOC2007</annotation>
		<image>flickr</image>
		<flickrid>339509928</flickrid>
	</source>
	<owner>
		<flickrid>Simon_Brighton</flickrid>
		<name>simon brighton</name>
	</owner>
	<size>
		<width>500</width>
		<height>355</height>
		<depth>3</depth>
	</size>
	<segmented>0</segmented>
	<object>
		<name>horse</name>
		<pose>Unspecified</pose>
		<truncated>0</truncated>
		<difficult>0</difficult>
		<bndbox>
			<xmin>13</xmin>
			<ymin>81</ymin>
			<xmax>235</xmax>
			<ymax>341</ymax>
		</bndbox>
	</object>
	<object>
		<name>person</name>
		<pose>Frontal</pose>
		<truncated>1</truncated>
		<difficult>0</difficult>
		<bndbox>
			<xmin>352</xmin>
			<ymin>22</ymin>
			<xmax>432</xmax>
			<ymax>123</ymax>
		</bndbox>
	</object>
	<object>
		<name>person</name>
		<pose>Frontal</pose>
		<truncated>1</truncated>
		<difficult>0</difficult>
		<bndbox>
			<xmin>270</xmin>
			<ymin>15</ymin>
			<xmax>351</xmax>
			<ymax>120</ymax>
		</bndbox>
	</object>
	<object>
		<name>horse</name>
		<pose>Left</pose>
		<truncated>0</truncated>
		<difficult>0</difficult>
		<bndbox>
			<xmin>92</xmin>
			<ymin>90</ymin>
			<xmax>337</xmax>
			<ymax>343</ymax>
		</bndbox>
	</object>
</annotation>
