<annotation>
	<folder>VOC2007</folder>
	<filename>000833.jpg</filename>
	<source>
		<database>The VOC2007 Database</database>
		<annotation>PASCAL VOC2007</annotation>
		<image>flickr</image>
		<flickrid>327010804</flickrid>
	</source>
	<owner>
		<flickrid>monster900</flickrid>
		<name>R?diger</name>
	</owner>
	<size>
		<width>500</width>
		<height>393</height>
		<depth>3</depth>
	</size>
	<segmented>0</segmented>
	<object>
		<name>bus</name>
		<pose>Unspecified</pose>
		<truncated>0</truncated>
		<difficult>0</difficult>
		<bndbox>
			<xmin>12</xmin>
			<ymin>6</ymin>
			<xmax>450</xmax>
			<ymax>382</ymax>
		</bndbox>
	</object>
</annotation>
