<annotation>
	<folder>VOC2007</folder>
	<filename>000846.jpg</filename>
	<source>
		<database>The VOC2007 Database</database>
		<annotation>PASCAL VOC2007</annotation>
		<image>flickr</image>
		<flickrid>293709092</flickrid>
	</source>
	<owner>
		<flickrid>Derek Andrews</flickrid>
		<name>?</name>
	</owner>
	<size>
		<width>500</width>
		<height>400</height>
		<depth>3</depth>
	</size>
	<segmented>0</segmented>
	<object>
		<name>aeroplane</name>
		<pose>Unspecified</pose>
		<truncated>0</truncated>
		<difficult>0</difficult>
		<bndbox>
			<xmin>123</xmin>
			<ymin>177</ymin>
			<xmax>165</xmax>
			<ymax>208</ymax>
		</bndbox>
	</object>
	<object>
		<name>aeroplane</name>
		<pose>Unspecified</pose>
		<truncated>0</truncated>
		<difficult>0</difficult>
		<bndbox>
			<xmin>147</xmin>
			<ymin>213</ymin>
			<xmax>187</xmax>
			<ymax>243</ymax>
		</bndbox>
	</object>
	<object>
		<name>aeroplane</name>
		<pose>Unspecified</pose>
		<truncated>0</truncated>
		<difficult>0</difficult>
		<bndbox>
			<xmin>174</xmin>
			<ymin>244</ymin>
			<xmax>213</xmax>
			<ymax>273</ymax>
		</bndbox>
	</object>
	<object>
		<name>aeroplane</name>
		<pose>Unspecified</pose>
		<truncated>0</truncated>
		<difficult>0</difficult>
		<bndbox>
			<xmin>189</xmin>
			<ymin>211</ymin>
			<xmax>231</xmax>
			<ymax>241</ymax>
		</bndbox>
	</object>
	<object>
		<name>aeroplane</name>
		<pose>Unspecified</pose>
		<truncated>0</truncated>
		<difficult>0</difficult>
		<bndbox>
			<xmin>213</xmin>
			<ymin>181</ymin>
			<xmax>251</xmax>
			<ymax>212</ymax>
		</bndbox>
	</object>
	<object>
		<name>aeroplane</name>
		<pose>Unspecified</pose>
		<truncated>0</truncated>
		<difficult>0</difficult>
		<bndbox>
			<xmin>259</xmin>
			<ymin>185</ymin>
			<xmax>298</xmax>
			<ymax>215</ymax>
		</bndbox>
	</object>
	<object>
		<name>aeroplane</name>
		<pose>Unspecified</pose>
		<truncated>0</truncated>
		<difficult>0</difficult>
		<bndbox>
			<xmin>190</xmin>
			<ymin>152</ymin>
			<xmax>230</xmax>
			<ymax>182</ymax>
		</bndbox>
	</object>
	<object>
		<name>aeroplane</name>
		<pose>Unspecified</pose>
		<truncated>0</truncated>
		<difficult>0</difficult>
		<bndbox>
			<xmin>146</xmin>
			<ymin>142</ymin>
			<xmax>185</xmax>
			<ymax>173</ymax>
		</bndbox>
	</object>
	<object>
		<name>aeroplane</name>
		<pose>Unspecified</pose>
		<truncated>0</truncated>
		<difficult>0</difficult>
		<bndbox>
			<xmin>168</xmin>
			<ymin>103</ymin>
			<xmax>206</xmax>
			<ymax>134</ymax>
		</bndbox>
	</object>
</annotation>
