<annotation>
	<folder>VOC2007</folder>
	<filename>000824.jpg</filename>
	<source>
		<database>The VOC2007 Database</database>
		<annotation>PASCAL VOC2007</annotation>
		<image>flickr</image>
		<flickrid>215102525</flickrid>
	</source>
	<owner>
		<flickrid>hemiPowered</flickrid>
		<name>Stephen</name>
	</owner>
	<size>
		<width>500</width>
		<height>362</height>
		<depth>3</depth>
	</size>
	<segmented>0</segmented>
	<object>
		<name>train</name>
		<pose>Unspecified</pose>
		<truncated>0</truncated>
		<difficult>0</difficult>
		<bndbox>
			<xmin>54</xmin>
			<ymin>105</ymin>
			<xmax>486</xmax>
			<ymax>323</ymax>
		</bndbox>
	</object>
	<object>
		<name>train</name>
		<pose>Unspecified</pose>
		<truncated>1</truncated>
		<difficult>1</difficult>
		<bndbox>
			<xmin>1</xmin>
			<ymin>206</ymin>
			<xmax>96</xmax>
			<ymax>264</ymax>
		</bndbox>
	</object>
</annotation>
