<annotation>
	<folder>VOC2007</folder>
	<filename>000801.jpg</filename>
	<source>
		<database>The VOC2007 Database</database>
		<annotation>PASCAL VOC2007</annotation>
		<image>flickr</image>
		<flickrid>294174353</flickrid>
	</source>
	<owner>
		<flickrid>deanslist.us</flickrid>
		<name>?</name>
	</owner>
	<size>
		<width>500</width>
		<height>338</height>
		<depth>3</depth>
	</size>
	<segmented>0</segmented>
	<object>
		<name>car</name>
		<pose>Unspecified</pose>
		<truncated>0</truncated>
		<difficult>0</difficult>
		<bndbox>
			<xmin>55</xmin>
			<ymin>139</ymin>
			<xmax>243</xmax>
			<ymax>221</ymax>
		</bndbox>
	</object>
	<object>
		<name>car</name>
		<pose>Unspecified</pose>
		<truncated>0</truncated>
		<difficult>1</difficult>
		<bndbox>
			<xmin>312</xmin>
			<ymin>121</ymin>
			<xmax>337</xmax>
			<ymax>132</ymax>
		</bndbox>
	</object>
</annotation>
