<annotation>
	<folder>VOC2007</folder>
	<filename>000897.jpg</filename>
	<source>
		<database>The VOC2007 Database</database>
		<annotation>PASCAL VOC2007</annotation>
		<image>flickr</image>
		<flickrid>324299395</flickrid>
	</source>
	<owner>
		<flickrid>Andrew Ruess</flickrid>
		<name>Andrew Ruess</name>
	</owner>
	<size>
		<width>500</width>
		<height>375</height>
		<depth>3</depth>
	</size>
	<segmented>0</segmented>
	<object>
		<name>dog</name>
		<pose>Frontal</pose>
		<truncated>0</truncated>
		<difficult>0</difficult>
		<bndbox>
			<xmin>241</xmin>
			<ymin>87</ymin>
			<xmax>380</xmax>
			<ymax>336</ymax>
		</bndbox>
	</object>
	<object>
		<name>dog</name>
		<pose>Unspecified</pose>
		<truncated>0</truncated>
		<difficult>0</difficult>
		<bndbox>
			<xmin>72</xmin>
			<ymin>124</ymin>
			<xmax>267</xmax>
			<ymax>322</ymax>
		</bndbox>
	</object>
</annotation>
