<annotation>
	<folder>VOC2007</folder>
	<filename>000821.jpg</filename>
	<source>
		<database>The VOC2007 Database</database>
		<annotation>PASCAL VOC2007</annotation>
		<image>flickr</image>
		<flickrid>339169659</flickrid>
	</source>
	<owner>
		<flickrid>sasha_may2</flickrid>
		<name>?</name>
	</owner>
	<size>
		<width>448</width>
		<height>299</height>
		<depth>3</depth>
	</size>
	<segmented>0</segmented>
	<object>
		<name>bird</name>
		<pose>Right</pose>
		<truncated>0</truncated>
		<difficult>0</difficult>
		<bndbox>
			<xmin>105</xmin>
			<ymin>50</ymin>
			<xmax>385</xmax>
			<ymax>178</ymax>
		</bndbox>
	</object>
</annotation>
