<annotation>
	<folder>VOC2007</folder>
	<filename>000844.jpg</filename>
	<source>
		<database>The VOC2007 Database</database>
		<annotation>PASCAL VOC2007</annotation>
		<image>flickr</image>
		<flickrid>317562797</flickrid>
	</source>
	<owner>
		<flickrid>marshallpruett.com</flickrid>
		<name>Marshall Pruett</name>
	</owner>
	<size>
		<width>500</width>
		<height>333</height>
		<depth>3</depth>
	</size>
	<segmented>0</segmented>
	<object>
		<name>car</name>
		<pose>Unspecified</pose>
		<truncated>0</truncated>
		<difficult>0</difficult>
		<bndbox>
			<xmin>70</xmin>
			<ymin>69</ymin>
			<xmax>394</xmax>
			<ymax>291</ymax>
		</bndbox>
	</object>
</annotation>
