<annotation>
	<folder>VOC2007</folder>
	<filename>000825.jpg</filename>
	<source>
		<database>The VOC2007 Database</database>
		<annotation>PASCAL VOC2007</annotation>
		<image>flickr</image>
		<flickrid>325343508</flickrid>
	</source>
	<owner>
		<flickrid>TTruong</flickrid>
		<name>Tom</name>
	</owner>
	<size>
		<width>500</width>
		<height>332</height>
		<depth>3</depth>
	</size>
	<segmented>0</segmented>
	<object>
		<name>bicycle</name>
		<pose>Right</pose>
		<truncated>0</truncated>
		<difficult>0</difficult>
		<bndbox>
			<xmin>41</xmin>
			<ymin>47</ymin>
			<xmax>459</xmax>
			<ymax>294</ymax>
		</bndbox>
	</object>
	<object>
		<name>bottle</name>
		<pose>Unspecified</pose>
		<truncated>0</truncated>
		<difficult>0</difficult>
		<bndbox>
			<xmin>242</xmin>
			<ymin>143</ymin>
			<xmax>282</xmax>
			<ymax>190</ymax>
		</bndbox>
	</object>
</annotation>
