<annotation>
	<folder>VOC2007</folder>
	<filename>000819.jpg</filename>
	<source>
		<database>The VOC2007 Database</database>
		<annotation>PASCAL VOC2007</annotation>
		<image>flickr</image>
		<flickrid>272558166</flickrid>
	</source>
	<owner>
		<flickrid>.s.e.a.n.</flickrid>
		<name>Sean Scott</name>
	</owner>
	<size>
		<width>333</width>
		<height>500</height>
		<depth>3</depth>
	</size>
	<segmented>0</segmented>
	<object>
		<name>person</name>
		<pose>Left</pose>
		<truncated>0</truncated>
		<difficult>0</difficult>
		<bndbox>
			<xmin>71</xmin>
			<ymin>14</ymin>
			<xmax>322</xmax>
			<ymax>316</ymax>
		</bndbox>
	</object>
	<object>
		<name>bicycle</name>
		<pose>Left</pose>
		<truncated>0</truncated>
		<difficult>0</difficult>
		<bndbox>
			<xmin>25</xmin>
			<ymin>158</ymin>
			<xmax>333</xmax>
			<ymax>394</ymax>
		</bndbox>
	</object>
</annotation>
