<annotation>
	<folder>VOC2007</folder>
	<filename>000930.jpg</filename>
	<source>
		<database>The VOC2007 Database</database>
		<annotation>PASCAL VOC2007</annotation>
		<image>flickr</image>
		<flickrid>200825654</flickrid>
	</source>
	<owner>
		<flickrid>bikeride</flickrid>
		<name>Brent Soderberg</name>
	</owner>
	<size>
		<width>500</width>
		<height>375</height>
		<depth>3</depth>
	</size>
	<segmented>0</segmented>
	<object>
		<name>person</name>
		<pose>Unspecified</pose>
		<truncated>0</truncated>
		<difficult>0</difficult>
		<bndbox>
			<xmin>174</xmin>
			<ymin>72</ymin>
			<xmax>333</xmax>
			<ymax>248</ymax>
		</bndbox>
	</object>
	<object>
		<name>bicycle</name>
		<pose>Left</pose>
		<truncated>0</truncated>
		<difficult>0</difficult>
		<bndbox>
			<xmin>139</xmin>
			<ymin>153</ymin>
			<xmax>345</xmax>
			<ymax>282</ymax>
		</bndbox>
	</object>
</annotation>
