<annotation>
	<folder>VOC2007</folder>
	<filename>000933.jpg</filename>
	<source>
		<database>The VOC2007 Database</database>
		<annotation>PASCAL VOC2007</annotation>
		<image>flickr</image>
		<flickrid>320588341</flickrid>
	</source>
	<owner>
		<flickrid>Plantules</flickrid>
		<name>Etienne Cazin</name>
	</owner>
	<size>
		<width>375</width>
		<height>500</height>
		<depth>3</depth>
	</size>
	<segmented>0</segmented>
	<object>
		<name>pottedplant</name>
		<pose>Unspecified</pose>
		<truncated>0</truncated>
		<difficult>0</difficult>
		<bndbox>
			<xmin>117</xmin>
			<ymin>148</ymin>
			<xmax>341</xmax>
			<ymax>471</ymax>
		</bndbox>
	</object>
</annotation>
