<annotation>
	<folder>VOC2007</folder>
	<filename>000957.jpg</filename>
	<source>
		<database>The VOC2007 Database</database>
		<annotation>PASCAL VOC2007</annotation>
		<image>flickr</image>
		<flickrid>338679260</flickrid>
	</source>
	<owner>
		<flickrid>BonePanzer</flickrid>
		<name>Greg</name>
	</owner>
	<size>
		<width>500</width>
		<height>375</height>
		<depth>3</depth>
	</size>
	<segmented>0</segmented>
	<object>
		<name>dog</name>
		<pose>Unspecified</pose>
		<truncated>1</truncated>
		<difficult>0</difficult>
		<bndbox>
			<xmin>97</xmin>
			<ymin>21</ymin>
			<xmax>297</xmax>
			<ymax>375</ymax>
		</bndbox>
	</object>
	<object>
		<name>dog</name>
		<pose>Unspecified</pose>
		<truncated>1</truncated>
		<difficult>1</difficult>
		<bndbox>
			<xmin>123</xmin>
			<ymin>237</ymin>
			<xmax>302</xmax>
			<ymax>375</ymax>
		</bndbox>
	</object>
</annotation>
