<annotation>
	<folder>VOC2007</folder>
	<filename>000928.jpg</filename>
	<source>
		<database>The VOC2007 Database</database>
		<annotation>PASCAL VOC2007</annotation>
		<image>flickr</image>
		<flickrid>339342657</flickrid>
	</source>
	<owner>
		<flickrid>Eagle_Kiwi</flickrid>
		<name>Ian Patterson</name>
	</owner>
	<size>
		<width>500</width>
		<height>375</height>
		<depth>3</depth>
	</size>
	<segmented>0</segmented>
	<object>
		<name>cat</name>
		<pose>Unspecified</pose>
		<truncated>0</truncated>
		<difficult>0</difficult>
		<bndbox>
			<xmin>24</xmin>
			<ymin>81</ymin>
			<xmax>204</xmax>
			<ymax>222</ymax>
		</bndbox>
	</object>
	<object>
		<name>cat</name>
		<pose>Unspecified</pose>
		<truncated>0</truncated>
		<difficult>0</difficult>
		<bndbox>
			<xmin>256</xmin>
			<ymin>116</ymin>
			<xmax>452</xmax>
			<ymax>269</ymax>
		</bndbox>
	</object>
</annotation>
