<annotation>
	<folder>VOC2007</folder>
	<filename>000914.jpg</filename>
	<source>
		<database>The VOC2007 Database</database>
		<annotation>PASCAL VOC2007</annotation>
		<image>flickr</image>
		<flickrid>332857370</flickrid>
	</source>
	<owner>
		<flickrid>mangosalata</flickrid>
		<name>Maggie</name>
	</owner>
	<size>
		<width>375</width>
		<height>500</height>
		<depth>3</depth>
	</size>
	<segmented>0</segmented>
	<object>
		<name>boat</name>
		<pose>Unspecified</pose>
		<truncated>1</truncated>
		<difficult>0</difficult>
		<bndbox>
			<xmin>51</xmin>
			<ymin>2</ymin>
			<xmax>374</xmax>
			<ymax>423</ymax>
		</bndbox>
	</object>
</annotation>
